{"MC-SENT-SCALE": {"mean": 0.66538461539, "std": 0.01489608980943598, "medium": 0.6682692308, "1Q": 0.656249999975, "3Q": 0.6730769231}, "P-SPAN": {"mean": 0.6587837837837837, "std": 0.04547565415603977, "medium": 0.6346153846153846, "1Q": 0.6346153846153846, "3Q": 0.6826923076923077}, "P-SENT": {"mean": 0.66406249999375, "std": 0.04921333199673672, "medium": 0.6346153846, "1Q": 0.6346153846, "3Q": 0.6634615385}, "MC-SENT-PLOSS": {"mean": 0.6775147928846154, "std": 0.06373476835109211, "medium": 0.6442307692, "1Q": 0.6442307692, "3Q": 0.6923076923}, "MC-SENT-PAIR": {"mean": 0.7121794871933333, "std": 0.09226093901097329, "medium": 0.6730769231, "1Q": 0.64903846155, "3Q": 0.7884615384999999}, "MC-SENT": {"mean": 0.7758875739615385, "std": 0.07091790136107703, "medium": 0.8076923077, "1Q": 0.7211538462, "3Q": 0.8269230769}, "MC-MLM": {"mean": 0.8415012406947892, "std": 0.015278271830457204, "medium": 0.8365384615384616, "1Q": 0.8317307692307692, "3Q": 0.8461538461538461}}